<beans xmlns="http://www.springframework.org/schema/beans"
	xmlns:xsi="http://www.w3.org/2001/XMLSchema-instance" xmlns:p="http://www.springframework.org/schema/p"
	xmlns:aop="http://www.springframework.org/schema/aop" xmlns:context="http://www.springframework.org/schema/context"
	xmlns:jee="http://www.springframework.org/schema/jee" xmlns:tx="http://www.springframework.org/schema/tx"
	xmlns:task="http://www.springframework.org/schema/task"
	xsi:schemaLocation="http://www.springframework.org/schema/aop http://www.springframework.org/schema/aop/spring-aop-3.2.xsd http://www.springframework.org/schema/beans http://www.springframework.org/schema/beans/spring-beans-3.2.xsd http://www.springframework.org/schema/context http://www.springframework.org/schema/context/spring-context-3.2.xsd http://www.springframework.org/schema/jee http://www.springframework.org/schema/jee/spring-jee-3.2.xsd http://www.springframework.org/schema/tx http://www.springframework.org/schema/tx/spring-tx-3.2.xsd http://www.springframework.org/schema/task http://www.springframework.org/schema/task/spring-task-3.2.xsd">
 
	
	<bean id="employee" class="com.annathe.training.springrest1.model.Employee"> 
     <property name="id" value="1" /> 
     <property name="name" value="Kumar" />         
    </bean>
	
	<bean id="emp1" class="com.annathe.training.springrest1.model.Employee"> 
     <property name="id" value="2" /> 
     <property name="name" value="Krishna" />         
    </bean>
    
    <bean id="emp2" class="com.annathe.training.springrest1.model.Employee"> 
     <property name="id" value="3" /> 
     <property name="name" value="Ravi" />         
    </bean>
    
    <bean id="emp3" class="com.annathe.training.springrest1.model.Employee"> 
     <property name="id" value="4" /> 
     <property name="name" value="Surya" />         
    </bean>
	
	
	<bean id="employeeList" class="java.util.ArrayList"> 
      <constructor-arg> 
		<list> 
		<ref bean="emp1"></ref> 
		<ref bean="emp2"></ref> 
		<ref bean="emp3"></ref> 
		</list> 
		</constructor-arg> 
		</bean>
	
	
	
</beans>